Название организации;Адрес;Ссылка на сайт;Номера телефонов
ОМмаркет;Павловская ул., 18, Москва, Россия;http://om-market.eco/;+7 (985) 397-67-69 +7 (925) 795-42-52
Даниловский рынок;Мытная ул., 74, Москва, Россия;http://danrinok.ru/;+7 (495) 120-18-01 +7 (968) 632-38-27
Ашан;ул. Вавилова, 3, Москва, Россия;https://www.auchan.ru/;8 (800) 700-58-00 +7 (903) 665-10-64
Монастырская выпечка;ул. Даниловский Вал, 10, Москва, Россия;Ссылки нет;+7 (499) 764-79-23 +7 (495) 958-52-87
Воскресная ярмарка;Мытная ул., 74, стр. 2, Москва, Россия;Ссылки нет;+7 (495) 364-11-62 +7 (985) 076-55-20
Лента;7-я Кожуховская ул., 9, Москва, Россия;https://lenta.com/;8 (800) 700-41-11
Ko&Co;Мытная ул., 74, Москва, Россия;http://koico.ru/;8 (800) 250-58-24 +7 (966) 110-69-87
Перекрёсток;Люсиновская ул., 70, стр. 1, Москва, Россия;https://www.perekrestok.ru/;+7 (495) 660-04-96 8 (800) 200-95-55
Ашан Сити;Автозаводская ул., 18, Москва, Россия;https://www.auchan.ru/;8 (800) 700-58-00
О'кей;Каширское ш., 14, Москва, Россия;Ссылки нет;8 (800) 250-00-08 +7 (499) 951-05-36
Dolce Latte;Мытная ул., 74, Москва, Россия;http://dolcelatte.pro/;+7 (926) 577-56-87 +7 (903) 009-50-09
А-икра;Варшавское ш., 1, стр. 1, Москва, Россия;https://a-ikra.ru/;+7 (499) 110-51-20 +7 (499) 110-51-30
Перекрёсток;Большая Тульская ул., 2, Москва, Россия;https://www.perekrestok.ru/;+7 (495) 662-88-88 8 (800) 200-95-55
М2 Органик клуб, магазин органических продуктов;Мытная ул., 74, Москва, Россия;http://www.m2-shop.ru/;+7 (495) 025-30-30
ВкусВилл;Малая Тульская ул., 2/1к4, Москва, Россия;https://vkusvill.ru/;8 (800) 550-86-02 +7 (495) 663-86-02 +7 (926) 160-46-81
Metro Cash & Carry;1-я Дубровская ул., 13А, стр. 1, Москва, Россия;https://msk.metro-cc.ru/;+7 (495) 123-26-00
Лента;Большая Черёмушкинская ул., 1, Москва, Россия;https://lenta.com/;8 (800) 700-41-11
Усачёвский рынок;Усачёва ул., 26, Москва, Россия;https://usch.ru/;8 (800) 550-64-64 +7 (495) 120-91-00
Добрынинский;Мытная ул., 52, Москва, Россия;http://dobrynka-online.ru/;+7 (495) 789-96-16 +7 (929) 555-29-39
Мясо;Дубининская ул., 71, стр. 20, Москва, Россия;Ссылки нет;+7 (985) 224-05-21
Моремания;Комсомольский просп., 24, стр. 1, Москва, Россия;http://moremania.info/;+7 (903) 682-07-36
Metro Cash & Carry;Шоссейная ул., 2Б, Москва, Россия;https://msk.metro-cc.ru/;+7 (495) 502-19-71
Азбука Вкуса;Люсиновская ул., 60, Москва, Россия;https://av.ru/;8 (800) 700-34-87 +7 (495) 504-34-78
Азбука Вкуса;Большая Тульская ул., 13, Москва, Россия;https://av.ru/;8 (800) 700-34-87 +7 (495) 504-34-78
Сахалинский икорный дом;Малая Калужская ул., 15, стр. 18, Москва, Россия;https://seafood-shop.ru/;+7 (925) 003-00-53 +7 (495) 744-39-53
Милти;Большая Тульская ул., 2, Москва, Россия;http://www.mealty.ru/;+7 (495) 215-13-11
Центральный рынок;Рождественский бул., 1, Москва, Россия;http://moscowcentralmarket.ru/;+7 (495) 902-77-77
ВкусВилл;Мытная ул., 52, Москва, Россия;https://vkusvill.ru/;8 (800) 550-86-02 +7 (495) 663-86-02 +7 (925) 780-02-87
Metro Cash&Carry;Дорожная ул., 1, корп. 1, Москва, Россия;https://msk.metro-cc.ru/;+7 (495) 502-10-02
Хлебокомбинат Пролетарец;Новоостаповская ул., 12, стр. 1, Москва, Россия;Ссылки нет;+7 (495) 674-13-96
Итальянские традиции сырная лавка;Люсиновская ул., 35, корп. 7, Москва, Россия;http://itradition.ru/;+7 (965) 367-76-90
Белорусский гостинец;Мытная ул., 56, Москва, Россия;Ссылки нет;+7 (925) 070-21-54
Metro Cash&Carry;Складочная ул., 1, стр. 1, Москва, Россия;https://msk.metro-cc.ru/;+7 (495) 139-18-01
Ашан Сити;Севастопольский просп., 11Е, Москва, Россия;https://www.auchan.ru/;8 (800) 700-58-00 +7 (495) 795-21-06
Семушка;Большая Серпуховская ул., 32, стр. 1, Москва, Россия;https://www.semushka.com/;+7 (495) 488-72-84 +7 (495) 602-64-24
Сахалинский икорный дом;Люсиновская ул., 36/50, Москва, Россия;http://seafood-shop.ru/;+7 (495) 744-39-53 +7 (925) 003-00-53
ВкусВилл;ул. Лестева, 21/61к1, Москва, Россия;https://vkusvill.ru/;8 (800) 550-86-02 +7 (495) 663-86-02 +7 (903) 535-37-94
Bringwell;ул. Ленинская Слобода, 19, Москва, Россия;Ссылки нет;8 (800) 350-20-77 +7 (495) 122-22-77
ВкусВилл;ул. Шаболовка, 20, Москва, Россия;https://vkusvill.ru/;8 (800) 550-86-02 +7 (495) 663-86-02 +7 (926) 981-54-12
АВ Daily;Мытная ул., 7, стр. 1, Москва, Россия;https://av.ru/;8 (800) 700-34-87 +7 (495) 232-02-00 +7 (495) 504-34-87
Пятёрочка;1-й Павловский пер., 5, Москва, Россия;https://5ka.ru/;8 (800) 555-55-05 +7 (965) 413-71-74
Продукты;ул. Шухова, 5, Москва, Россия;Ссылки нет;Номеров нет
Надежда;3-й Павелецкий пр., 7, корп. 4, Москва, Россия;Ссылки нет;+7 (499) 235-65-00 +7 (499) 235-10-45 +7 (495) 235-10-45
КуулКлевер МясновЪ Отдохни;Большая Серпуховская ул., 31, корп. 1, Москва, Россия;https://www.kegelbum.ru/?utm_source=maps.yandex;Номеров нет
Магнолия;ул. Серпуховский Вал, 5, Москва, Россия;http://mgnl.ru/;+7 (495) 952-00-19 +7 (495) 921-32-34 +7 (495) 921-32-35
ВкусВилл;Люсиновская ул., 36/50, Москва, Россия;https://vkusvill.ru/;+7 (495) 663-86-02 8 (800) 550-86-02 +7 (925) 786-18-67
Ашан;ш. Энтузиастов, 12, корп. 2, Москва, Россия;https://www.auchan.ru/;8 (800) 700-58-00
Ребро Адама;Мытная ул., 74, Москва, Россия;Ссылки нет;+7 (962) 990-79-33
ВкусВилл;Духовской пер., 14, Москва, Россия;https://vkusvill.ru/;8 (800) 550-86-02 +7 (495) 663-86-02 +7 (926) 032-04-67
Верный;1-й Щипковский пер., 3, Москва, Россия;http://www.verno-info.ru/;+7 (499) 755-00-70
Сахалинский икорный дом;Таганская ул., 25-27, Москва, Россия;http://seafood-shop.ru/;+7 (495) 744-39-53 +7 (925) 003-00-53
Марлизз;2-й Павелецкий пр., 7, стр. 7, Москва, Россия;Ссылки нет;+7 (967) 291-99-91
ВкусВилл;ул. Большая Якиманка, 54, Москва, Россия;https://vkusvill.ru/;8 (800) 550-86-02 +7 (495) 663-86-02 +7 (929) 687-37-98
Добрынинский;Люсиновская ул., 36/50, Москва, Россия;http://dobrynka-online.ru/;+7 (495) 789-96-16 +7 (905) 570-91-48
EUROSPAR Express;Дербеневская наб., 7, стр. 22, Москва, Россия;https://myspar.ru/;8 (800) 500-13-29
Кондитерский;Языковский пер., 5, корп. 6, Москва, Россия;Ссылки нет;Номеров нет
Ашан Сити;просп. Вернадского, 6, Москва, Россия;https://www.auchan.ru/;8 (800) 700-58-00
Ашан;Верхняя Красносельская ул., 3А, Москва, Россия;https://www.auchan.ru/;8 (800) 700-58-00
Индейкин дом;Нагорный бул., 6, Москва, Россия;http://indeykin.ru/;8 (800) 333-80-46 +7 (495) 269-01-36
БиоMore;5-й Верхний Михайловский пр., 6, Москва, Россия;http://biomore.ru/;+7 (916) 628-82-82 +7 (495) 258-82-82
Северные морепродукты;Бережковская наб., 20, стр. 95, Москва, Россия;http://fishorder.ru/;+7 (499) 703-13-33
2 Шага;ул. Симоновский Вал, 15, Москва, Россия;Ссылки нет;+7 (495) 674-15-93
Продукты;Варшавское ш., 16, корп. 3, Москва, Россия;Ссылки нет;Номеров нет
Мясницкий ряд;ул. Шаболовка, 30/12, Москва, Россия;http://www.kolbasa.ru/;+7 (985) 411-33-41 +7 (495) 981-17-19
ВкусВилл;Ленинский просп., 7, Москва, Россия;https://vkusvill.ru/;8 (800) 550-86-02 +7 (495) 663-86-02 +7 (925) 331-38-01
Happy vegan shop;пер. Сивцев Вражек, 19, Москва, Россия;http://www.happy-vegan.ru/;+7 (977) 890-66-49
ФермаДома;Фрунзенская наб., 44, стр. 1, Москва, Россия;http://fermadoma.su/;+7 (916) 154-46-84 +7 (925) 905-14-73
Ашан;Рязанский просп., 2, корп. 2, Москва, Россия;https://www.auchan.ru/;8 (800) 700-58-00
Ilfumo, магазин Продуктов, Электронных Сигарет и Табачных Изделий;3-й Павелецкий пр., 4, Москва, Россия;https://ilfumoshop.ru/;8 (800) 551-82-11 +7 (985) 130-88-88
Мираторг;ул. Серпуховский Вал, 21, корп. 1, Москва, Россия;https://shop.miratorg.ru/;+7 (495) 644-17-01
М-782;ул. Трофимова, 9, Москва, Россия;Ссылки нет;+7 (495) 679-35-94
Продукты;1-я ул. Машиностроения, 2/7к1, Москва, Россия;Ссылки нет;+7 (495) 532-55-27 +7 (926) 658-17-83
Магнолия;ул. Лестева, 11, Москва, Россия;http://mgnl.ru/;+7 (495) 958-56-37 +7 (495) 921-32-34 +7 (495) 958-56-55 +7 (495) 921-32-36 +7 (495) 921-32-35
Арви;3-й Павелецкий пр., 7, корп. 1, Москва, Россия;Ссылки нет;+7 (499) 235-35-57
ВкусВилл;Валовая ул., 11/19, Москва, Россия;https://vkusvill.ru/;8 (800) 550-86-02 +7 (495) 663-86-02 +7 (926) 394-19-61
Мясной бутик Праймбиф;Смоленский бул., 17, Москва, Россия;http://primebeefmoscow.ru/;+7 (499) 322-01-12 +7 (915) 389-87-70
Орешкин дом;Варшавское ш., 26, стр. 5, Москва, Россия;https://oreh-dom.ru/;+7 (495) 203-00-09 +7 (999) 962-71-71
Ашан;Пролетарский просп., вл30, Москва, Россия;https://www.auchan.ru/;8 (800) 700-58-00
Красная икра;Люсиновская ул., 4, Москва, Россия;http://www.borisik.ru/;Номеров нет
Боб и Соя;Люсиновская ул., 35, корп. 7, Москва, Россия;http://www.bobisoya.com/;+7 (495) 255-77-02
Продукты 24 часа;Люсиновская ул., 36/50, Москва, Россия;Ссылки нет;Номеров нет
Перекрёсток;ул. Шаболовка, 10, Москва, Россия;https://www.perekrestok.ru/;8 (800) 200-95-55 +7 (495) 662-88-88
Микояновский мясокомбинат;ул. Талалихина, 41, стр. 18, Москва, Россия;http://www.mikoyan.ru/;+7 (909) 957-04-76 +7 (495) 670-13-90
Продовольственный магазин;2-й Рощинский пр., 8, корп. 7, Москва, Россия;Ссылки нет;Номеров нет
Пролетарец;Новоостаповская ул., 12, стр. 14, Москва, Россия;http://proletarets.ru/;+7 (495) 674-72-80
Фасоль;Большая Тульская ул., 2, Москва, Россия;https://myfasol.ru/;8 (800) 700-10-77 +7 (901) 776-58-77
Продукты;Шарикоподшипниковская ул., 32, Москва, Россия;Ссылки нет;+7 (495) 675-56-49
Сыроедов;Таганская ул., 2, Москва, Россия;https://siroedov.ru/;+7 (495) 727-81-39
КуулКлевер МясновЪ Отдохни;ул. Шаболовка, 10, Москва, Россия;https://www.kegelbum.ru/?utm_source=maps.yandex;Номеров нет
Добрынинский;ул. Косыгина, 1, Москва, Россия;http://dobrynka-online.ru/;+7 (905) 557-39-00
Виктория-Люкс;Люсиновская ул., 48-50к10, Москва, Россия;Ссылки нет;+7 (499) 236-52-71 +7 (499) 236-13-58
Greca Terra;Таганская ул., 3, Москва, Россия;http://www.grecaterra.ru/;+7 (926) 428-37-69
Риф;Профсоюзная ул., 76, Москва, Россия;http://fishmart.ru/;+7 (495) 374-62-41
Сахалинский икорный дом;Волгоградский просп., 10, стр. 2, Москва, Россия;http://seafood-shop.ru/;+7 (495) 744-39-53 +7 (925) 003-00-53
ВкусВилл;ул. Бахрушина, 28, Москва, Россия;https://vkusvill.ru/;8 (800) 550-86-02 +7 (495) 663-86-02 +7 (926) 981-05-58
Ашана;1-й Кожевнический пер., 5, Москва, Россия;Ссылки нет;Номеров нет
Магазин продуктов;Дербеневская наб., 13/17к2, Москва, Россия;Ссылки нет;Номеров нет
Поставщик № 1;2-й Котляковский пер., 1, стр. 4, Москва, Россия;https://pervie.ru/;+7 (495) 374-65-11
Продукты;Пятницкая ул., 57, стр. 2, Москва, Россия;Ссылки нет;Номеров нет
Экомаркет;ул. Орджоникидзе, 11, стр. 6, Москва, Россия;http://www.ecomarket.ru/;+7 (495) 445-05-05 +7 (916) 115-09-09
Продукты 24;6-я Кожуховская ул., 1/9, Москва, Россия;http://produkty-u-doma-24-chasa.mozello.ru/;Номеров нет
ВкусВилл;ул. Большая Полянка, 30, Москва, Россия;https://vkusvill.ru/;8 (800) 550-86-02 +7 (495) 663-86-02 +7 (926) 394-18-40
Продукты;3-й Автозаводский пр., 4, Москва, Россия;Ссылки нет;Номеров нет
Пятёрочка;Большая Серпуховская ул., 58, Москва, Россия;https://5ka.ru/;8 (800) 555-55-05 +7 (915) 238-01-12
Красная икра;ул. Вавилова, 6, Москва, Россия;http://www.borisik.ru/;+7 (915) 262-37-85 +7 (916) 193-21-86 +7 (495) 437-90-29
Четыре сыра;4-й Рощинский пр., 20, стр. 4, Москва, Россия;http://www.4formaggi.com/;+7 (495) 909-20-17
Хариус Хаус;ул. Дмитрия Ульянова, 33, корп. 10, Москва, Россия;https://harius-house.ru/;+7 (925) 626-99-91
Продукты Вам! Маркет;3-й Крутицкий пер., 15, Москва, Россия;Ссылки нет;Номеров нет
Греми;Пятницкая ул., 37, Москва, Россия;Ссылки нет;+7 (495) 953-69-85
Продукты;2-й Павловский пер., 20, Москва, Россия;Ссылки нет;Номеров нет
Универсам;ул. Павла Андреева, 4, Москва, Россия;Ссылки нет;Номеров нет
Продукты;ул. Талалихина, 3, стр. 2, Москва, Россия;Ссылки нет;+7 (495) 670-37-04
Кузнецкий мост;ул. Кузнецкий Мост, 9, Москва, Россия;Ссылки нет;+7 (495) 621-74-80
Рыбная Биржа;5-й Верхний Михайловский пр., 6, стр. 3, Москва, Россия;http://rybnaya-birzha.ru/;+7 (964) 560-96-36 +7 (495) 954-72-64 +7 (495) 633-96-79 +7 (495) 954-90-87
Добрынинский;ул. Вавилова, 17, Москва, Россия;http://dobrynka-online.ru/;+7 (495) 789-96-16 +7 (925) 363-03-74
Вайн-Бутик;Большая Пироговская ул., 35, Москва, Россия;http://wine-butik.ru/;+7 (495) 228-03-10 +7 (495) 228-03-40
Колибри;Ленинский просп., 43, Москва, Россия;Ссылки нет;+7 (499) 135-63-80
Донской;Донская ул., 18/7с1, Москва, Россия;Ссылки нет;+7 (499) 236-33-76
МясновЪ;Новокузнецкая ул., 13, стр. 1, Москва, Россия;http://www.myasnov.ru/;+7 (495) 424-95-15
Don Giulio;ул. Покровка, 27, стр. 1, Москва, Россия;http://www.dongiulio.ru/;+7 (495) 624-56-52 +7 (495) 229-82-25
Елисеевский;Тверская ул., 14, Москва, Россия;Ссылки нет;+7 (495) 650-07-60 +7 (495) 650-46-43
Пятёрочка;ул. Серпуховский Вал, 8, Москва, Россия;https://5ka.ru/;8 (800) 555-55-05 +7 (929) 623-05-22
ВкусВилл;Новокузнецкая ул., 13, стр. 1, Москва, Россия;https://vkusvill.ru/;+7 (495) 663-86-02 8 (800) 550-86-02
Eataly;Киевская ул., 2, Москва, Россия;https://www.eataly.ru/;+7 (495) 668-06-79
КуулКлевер МясновЪ Отдохни;Комсомольский просп., 40, Москва, Россия;http://www.myasnov.ru/;+7 (495) 424-95-15 +7 (831) 461-91-91
Продукты;ул. Мастеркова, 2, Москва, Россия;Ссылки нет;+7 (964) 550-00-02
КуулКлевер МясновЪ Отдохни;Фрунзенская наб., 36/2, Москва, Россия;https://www.kegelbum.ru/?utm_source=maps.yandex;Номеров нет
Ecofrukti.ru;ул. Ивана Бабушкина, 13, корп. 1, Москва, Россия;https://www.ecofrukti.ru/;+7 (495) 131-26-45
ВкусВилл;Ленинский просп., 37А, Москва, Россия;https://vkusvill.ru/;+7 (495) 663-86-02 8 (800) 550-86-02 +7 (925) 786-18-91
Две Сестры;Фрунзенская наб., 36/2, Москва, Россия;http://www.lavka2sisters.ru/;+7 (915) 022-22-12 +7 (915) 022-22-88 +7 (915) 022-22-77
Te Gusto;Новокузнецкая ул., 13, стр. 1, Москва, Россия;http://cafetegusto.ru/;+7 (495) 215-09-30
Велозаводский рынок;Велозаводская ул., 13, стр. 1, Москва, Россия;http://velozavodrinok.ru/;+7 (495) 185-65-65
Сыры Мира;Таганская ул., 40, стр. 2, Москва, Россия;http://www.worldgourmet.ru/;+7 (925) 443-00-97
Планета Сибирь;Зубовский бул., 13, стр. 1, Москва, Россия;https://planetsib.ru/;+7 (495) 212-14-50
Испанская лавка;Мясницкая ул., 30, стр. 3, Москва, Россия;https://hamon-i-vino.ru/;+7 (499) 702-31-19 +7 (495) 419-20-29 +7 (499) 877-45-88
Продукты из Армении;Большая Черёмушкинская ул., 11, корп. 3, Москва, Россия;Ссылки нет;+7 (499) 123-30-96
Чиполлино;ул. Талалихина, 6/2, стр. 1, Москва, Россия;Ссылки нет;+7 (495) 670-85-44
КуулКлевер МясновЪ Отдохни;ул. Винокурова, 30, Москва, Россия;https://www.kegelbum.ru/?utm_source=maps.yandex;+7 (831) 461-91-91
Азбука Вкуса;Ленинский просп., 21, Москва, Россия;https://av.ru/;8 (800) 700-34-87 +7 (495) 504-34-78
Мясной магазин;Криворожская ул., 25, Москва, Россия;Ссылки нет;Номеров нет
Центральный рынок на Маросейке;ул. Маросейка, 4/2с1, Москва, Россия;https://maroseyka4.ru/;+7 (495) 114-54-44
Магазин продуктов;ул. Винокурова, 10, корп. 1, Москва, Россия;Ссылки нет;+7 (499) 125-88-44
Акстафа;Симферопольский бул., 1, Москва, Россия;Ссылки нет;Номеров нет
Фермерская лавка Ближние Горки;ул. Большие Каменщики, 2, Москва, Россия;http://www.gorki-ferma.ru/;8 (800) 770-07-74
EUROSPAR;Новочеркасский бул., 7, Москва, Россия;https://myspar.ru/?utm_campaign=maps-button&utm_medium=geo_advertizing&utm_source=yandex_maps;8 (800) 500-13-29
Добрынинский;ул. Арбат, 18, стр. 1, Москва, Россия;http://dobrynka-online.ru/;+7 (495) 789-96-16 +7 (905) 570-03-10
Фрешмаркет;6-я Кожуховская ул., 24, Москва, Россия;Ссылки нет;Номеров нет
Зорька;ул. Трофимова, 4, Москва, Россия;Ссылки нет;+7 (495) 679-28-26
Магазин продуктов;ул. Земляной Вал, 52/16, Москва, Россия;Ссылки нет;+7 (926) 865-46-45
КуулКлевер МясновЪ Отдохни;ул. Симоновский Вал, 9, Москва, Россия;https://www.kegelbum.ru/?utm_source=maps.yandex;Номеров нет
Мини-маркет;5-я Кожуховская ул., 10, Москва, Россия;Ссылки нет;+7 (495) 679-59-59
Продукты;Новодевичий пр., 2, Москва, Россия;Ссылки нет;+7 (977) 728-26-38 +7 (903) 112-84-48
Продукты;Малая Тульская ул., 2/1к19, Москва, Россия;Ссылки нет;Номеров нет
Рыба от производителя;ул. Гримау, 10, Москва, Россия;https://bit.ly/2UaiqS1;+7 (499) 502-04-44
Сыр и кофе;Хитровский пер., 3/1с4, Москва, Россия;Ссылки нет;+7 (925) 290-01-87
Мясницкий ряд;ул. Мастеркова, 3, Москва, Россия;http://www.kolbasa.ru/;+7 (495) 981-17-19
ВкусВилл;Гончарная ул., 38, Москва, Россия;https://vkusvill.ru/;8 (800) 550-86-02 +7 (495) 663-86-02 +7 (925) 786-18-54
Испанский Дворик;Пятницкий пер., 2, Москва, Россия;https://spanish-food-store.ru/;+7 (495) 971-88-09 +7 (901) 543-88-09
La Maree;Волгоградский просп., 32, корп. 3, Москва, Россия;https://shop.lamaree.ru/;+7 (495) 640-70-80 +7 (495) 775-14-70
Добрынинский;Комсомольский просп., 30, Москва, Россия;http://dobrynka-online.ru/;+7 (495) 789-96-16 +7 (903) 730-47-77
АВ Daily;Большая Татарская ул., 30, стр. 8, Москва, Россия;https://av.ru/;8 (800) 700-34-87 +7 (495) 504-34-78 +7 (495) 223-02-00
Коровка;ул. Климашкина, 12, Москва, Россия;Ссылки нет;+7 (499) 255-93-76 +7 (499) 255-93-86
Комо+;6-я Кожуховская ул., 27, Москва, Россия;Ссылки нет;+7 (495) 679-80-77
Кристалл;ул. Трофимова, 18А, Москва, Россия;Ссылки нет;+7 (495) 679-06-30
Эльйон;Октябрьская ул., 18, Москва, Россия;Ссылки нет;+7 (495) 789-49-74 +7 (919) 770-67-70 +7 (916) 019-07-70
Магазин Спринт № 205 Даниловский форт;Новоданиловская наб., 10, Москва, Россия;http://www.salespress.ru/;+7 (495) 660-33-98 +7 (926) 621-49-37
ВкусВилл;Воронцовская ул., 46, Москва, Россия;https://vkusvill.ru/;8 (800) 550-86-02 +7 (495) 663-86-02 +7 (925) 786-11-28
Греческие продукты;ул. Маросейка, 14/2с3, Москва, Россия;http://mylos.ru/;Номеров нет
Клевер Мясо;Новинский бул., 28/35с1А, Москва, Россия;Ссылки нет;+7 (903) 675-77-19
Продукты;Нагорная ул., 29, корп. 3, Москва, Россия;Ссылки нет;Номеров нет
КуулКлевер МясновЪ Отдохни;ул. Симоновский Вал, 26, корп. 1, Москва, Россия;https://www.kegelbum.ru/?utm_source=maps.yandex;Номеров нет
Вкусный;ул. Сущёвский Вал, 46, Москва, Россия;http://www.nevkusno.ru/;+7 (929) 528-41-48
АВ Daily;ул. Остоженка, 8, Москва, Россия;https://av.ru/;8 (800) 700-34-87 +7 (495) 232-02-00 +7 (495) 504-34-87
АВ Daily;Пятницкая ул., 13, Москва, Россия;https://av.ru/;+7 (495) 504-34-87 +7 (495) 223-02-00 8 (800) 700-34-87
GreekProducts.ru;Угрешская ул., 2, стр. 57, Москва, Россия;https://greekproducts.ru/;+7 (495) 155-73-58 +7 (925) 970-05-53
ВкусВилл;Шарикоподшипниковская ул., 36/18, Москва, Россия;https://vkusvill.ru/;8 (800) 550-86-02 +7 (495) 663-86-02 +7 (925) 780-18-35
EUROSPAR;ул. Большая Лубянка, 12/1, Москва, Россия;https://myspar.ru/?utm_campaign=maps-button&utm_medium=geo_advertizing&utm_source=yandex_maps;8 (800) 500-13-29
Овощи и фрукты;Автозаводская ул., 6, Москва, Россия;Ссылки нет;+7 (909) 155-55-49
Продукты;Большая Тульская ул., 10, стр. 11, Москва, Россия;Ссылки нет;Номеров нет
Добрынинский;ул. Кузнецкий Мост, 21/5, Москва, Россия;http://dobrynka-online.ru/;+7 (495) 789-96-16 +7 (495) 789-96-16 +7 (926) 001-44-27
Нагатино;Кленовый бул., 12, Москва, Россия;Ссылки нет;+7 (499) 614-75-42
Коломенский;просп. Андропова, 36, корп. 3А, Москва, Россия;http://www.mmpzkolomenskoe.ru/;+7 (499) 612-13-75
ВкусВилл;3-й Крутицкий пер., 13, стр. 2, Москва, Россия;https://vkusvill.ru/;8 (800) 550-86-02 +7 (495) 663-86-02 +7 (925) 786-18-43
КуулКлевер МясновЪ Отдохни;ул. Трофимова, 35/20, Москва, Россия;https://www.kegelbum.ru/?utm_source=maps.yandex;+7 (495) 424-95-15
Продукты;Нагатинская наб., 18, корп. 1, Москва, Россия;Ссылки нет;Номеров нет
Морозко;ул. Кедрова, 7А, Москва, Россия;Ссылки нет;+7 (499) 129-28-42
АВ Daily;2-я Фрунзенская ул., 10, корп. 1, Москва, Россия;https://av.ru/;8 (800) 700-34-87 +7 (495) 504-34-87 +7 (495) 223-02-00
Оливия;Долгоруковская ул., 2, Москва, Россия;http://paritetmm.ru/;+7 (495) 609-27-10 +7 (812) 295-40-46
Дорогомиловский рынок;ул. Можайский Вал, 10, Москва, Россия;http://dorogomilovo-market.ru/;+7 (495) 198-02-50
Красная икра;Автозаводская ул., 8, Москва, Россия;http://www.borisik.ru/;+7 (985) 740-76-83 +7 (495) 437-62-02 +7 (495) 437-90-29
Ленкир;просп. 60-летия Октября, 29, корп. 1, Москва, Россия;Ссылки нет;+7 (495) 779-77-18
Crab: Store;Автомобильный пр., 10, стр. 1, Юго-Восточный административный округ, Нижегородский район, Москва, Россия;https://www.crabstore.online/;+7 (499) 394-23-69 +7 (925) 208-35-59
Продукты;Большая Серпуховская ул., 30, стр. 2, Москва, Россия;Ссылки нет;+7 (499) 236-23-05
Продукты;ул. Вавилова, 5Б, стр. 3, Москва, Россия;Ссылки нет;Номеров нет
МясоРыбаБаклажан;1-й Нагатинский пр., 11, корп. 1, Москва, Россия;Ссылки нет;+7 (903) 728-02-67
Ашан;Люблинская ул., 153, Москва, Россия;https://www.auchan.ru/;8 (800) 700-58-00
Союзфруктторг;ул. Вавилова, 1, Москва, Россия;http://soyuzfruit.ru/;+7 (499) 380-88-78
АВ Daily;Малая Пироговская ул., 21, Москва, Россия;https://av.ru/;8 (800) 700-34-87 +7 (495) 223-02-00 +7 (495) 504-34-87
ВкусВилл;Зубовский бул., 17, Москва, Россия;https://vkusvill.ru/;8 (800) 550-86-02 +7 (495) 663-86-02 +7 (925) 786-17-80
Продукты;1-й Самотёчный пер., 16/2, Москва, Россия;Ссылки нет;+7 (495) 681-25-37
О-Де-Ви Рансье;Зоологическая ул., 12, корп. 2, Москва, Россия;Ссылки нет;+7 (499) 254-77-44
АН Электроникс;ул. Симоновский Вал, 26, корп. 1, Москва, Россия;Ссылки нет;Номеров нет
Продукты;Автозаводская ул., 6, Москва, Россия;Ссылки нет;Номеров нет
Пятёрочка;Большая Серпуховская ул., 46, стр. 34, Москва, Россия;https://5ka.ru/;8 (800) 555-55-05 +7 (903) 971-20-84
Натуральные продукты Казахстана;Велозаводская ул., 13, стр. 1, Москва, Россия;Ссылки нет;+7 (977) 172-95-07 +7 (977) 172-95-09
Кондитерский;Пятницкая ул., 22, Москва, Россия;Ссылки нет;+7 (495) 951-37-64 +7 (495) 951-54-16
Индийские специи на Киевской;ул. Можайский Вал, 1, Москва, Россия;http://www.indianspices.ru/;+7 (499) 240-12-36 +7 (499) 240-53-15
ВкусВилл;ул. Симоновский Вал, 13, стр. 3, Москва, Россия;https://vkusvill.ru/;8 (800) 550-86-02 +7 (495) 663-86-02 +7 (929) 660-15-72
Авоська;Сивашская ул., 2А, Москва, Россия;http://www.avoska.ru/;+7 (495) 656-70-22 +7 (499) 317-10-27 +7 (495) 725-41-51 +7 (495) 725-41-51
Универсам;Комсомольский просп., 40, Москва, Россия;Ссылки нет;Номеров нет
ВкусВилл;ул. Плющиха, 42, Москва, Россия;https://vkusvill.ru/;8 (800) 550-86-02 +7 (495) 663-86-02 +7 (925) 788-48-15
Преображенский рынок;ул. Преображенский Вал, 17, Москва, Россия;http://tkpreobr.ru/;+7 (495) 962-09-97
Глобус Гурмэ;ул. Большая Якиманка, 22, Москва, Россия;https://globusgurme.ru/;+7 (495) 995-21-70 +7 (903) 565-41-84 +7 (495) 995-21-72
ХайтДжинро;ул. Ленинская Слобода, 17, стр. 2, Москва, Россия;http://www.hitejinro.ru/;+7 (495) 675-13-33 +7 (495) 675-15-92 +7 (495) 675-16-03 +7 (495) 675-30-36 +7 (495) 675-43-92 +7 (495) 675-51-09
Продукты;Усачёва ул., 29, корп. 3, Москва, Россия;Ссылки нет;Номеров нет
Индийские специи на Сухаревской;Панкратьевский пер., 2, Москва, Россия;http://www.indianspices.ru/;+7 (495) 607-16-21 +7 (495) 607-71-67
ВкусВилл;Южнопортовая ул., 18, Москва, Россия;https://vkusvill.ru/;8 (800) 550-86-02 +7 (495) 663-86-02 +7 (925) 516-54-69
Магазин продуктов;ул. Плющиха, 16, стр. 2, Москва, Россия;Ссылки нет;+7 (499) 248-17-42
Кулинар;Большая Черёмушкинская ул., 20, корп. 1, Москва, Россия;Ссылки нет;+7 (499) 124-74-55
Мясо;ул. Рогожский Вал, 6, корп. 2, Москва, Россия;Ссылки нет;+7 (926) 326-78-87
Красная икра;Новокузнецкая ул., 13/15, Москва, Россия;http://www.borisik.ru/;+7 (495) 437-62-02
Добрынинский;Чонгарский бул., 10, корп. 1, Москва, Россия;http://dobrynka-online.ru/;+7 (495) 789-96-16 +7 (495) 789-96-16 +7 (905) 515-04-80
Перекрёсток;Варшавское ш., 9, стр. 1, Москва, Россия;https://www.perekrestok.ru/;8 (800) 200-95-55
Добрынинский;ул. Дмитрия Ульянова, 13, корп. 1, Москва, Россия;http://dobrynka-online.ru/;+7 (495) 789-96-16 +7 (905) 557-27-71
КуулКлевер МясновЪ Отдохни;Нагатинская ул., 15, корп. 1, Москва, Россия;https://www.kegelbum.ru/?utm_source=maps.yandex;Номеров нет
Добрынинский;ул. Александра Солженицына, 22/2, Москва, Россия;http://dobrynka-online.ru/;+7 (495) 789-96-16 +7 (926) 229-64-30
Wonderice;Варшавское ш., 28А, Москва, Россия;http://wonderice.ru/;+7 (906) 778-94-42
Перекрёсток;ул. Большая Полянка, 28, корп. 1, Москва, Россия;http://www.perekrestok.ru/;8 (800) 200-95-55 +7 (495) 660-05-40
Добрынинский;ул. 10-летия Октября, 9, Москва, Россия;http://dobrynka-online.ru/;+7 (925) 002-72-84
ВкусВилл;просп. Андропова, 21, Москва, Россия;https://vkusvill.ru/;8 (800) 550-86-02 +7 (495) 663-86-02 +7 (925) 516-54-40
Ovechka Market - сыры и молочные продукты;Комсомольский просп., 27, стр. 5, Москва, Россия;Ссылки нет;+7 (906) 787-68-26
ВкусВилл;Таганская ул., 31/22, Москва, Россия;https://vkusvill.ru/;8 (800) 550-86-02 +7 (495) 663-86-02 +7 (926) 394-11-93
Добрынинский;ул. Большая Дмитровка, 21, Москва, Россия;http://dobrynka-online.ru/;+7 (495) 789-96-16 +7 (999) 599-86-77
ВкусВилл;Лубянский пр., 27/1с1, Москва, Россия;https://vkusvill.ru/;8 (800) 550-86-02 +7 (495) 663-86-02 +7 (925) 516-73-40
Магазин продуктов;Варшавское ш., 18, корп. 2, Москва, Россия;Ссылки нет;Номеров нет
Оливка;Фрунзенская наб., 54, Москва, Россия;Ссылки нет;+7 (499) 766-89-29
Мясницкий ряд;Новокузнецкая ул., 43/16с2, Москва, Россия;http://www.kolbasa.ru/;+7 (985) 411-33-41 +7 (495) 981-17-19
На Андроньевской;Большая Андроньевская ул., 11/13, Москва, Россия;Ссылки нет;Номеров нет
Азбука Вкуса;ул. Большая Якиманка, 28/30, Москва, Россия;https://av.ru/;8 (800) 700-34-87 +7 (495) 504-34-78
Магнолия;Кутузовский просп., 5/3, Москва, Россия;http://mgnl.ru/;+7 (495) 921-32-34 +7 (499) 243-09-55 +7 (495) 921-32-35
Таёжное зимовье;Певческий пер., 6, Москва, Россия;http://vtaigu.ru/;+7 (495) 215-23-33
Ашан Сити;Каширское ш., 61Г, Москва, Россия;https://www.auchan.ru/;8 (800) 700-58-00
ВкусВилл;1-й Нагатинский пр., 11, корп. 1, Москва, Россия;https://vkusvill.ru/;8 (800) 550-86-02 +7 (495) 663-86-02 +7 (916) 751-15-99
Ланкон;3-й Павелецкий пр., 7, корп. 1, Москва, Россия;Ссылки нет;+7 (915) 294-53-71
Пенная Гильдия;Нагатинский бул., 6А, Москва, Россия;https://пеннаягильдия.рус/;+7 (977) 867-67-40
ВкусВилл;ул. Земляной Вал, 38-40/15с9, Москва, Россия;https://vkusvill.ru/;8 (800) 550-86-02 +7 (495) 663-86-02 +7 (926) 417-15-22
Продуктовый магазин;2-й Автозаводский пр., 5, Москва, Россия;Ссылки нет;Номеров нет
ВкусВилл;Профсоюзная ул., 5/9, Москва, Россия;https://vkusvill.ru/;8 (800) 550-86-02 +7 (495) 663-86-02 +7 (925) 331-36-99
Красный жемчуг;Бережковская наб., 12Б, Москва, Россия;http://www.redgmshop.ru/;+7 (985) 117-75-03
Гамма-Адмирал;ул. Академика Миллионщикова, 7, корп. 1, Москва, Россия;http://tikva-market.ru/;+7 (499) 617-22-27 +7 (499) 616-53-73
ВкусВилл;Оболенский пер., 9, корп. 1, Москва, Россия;https://vkusvill.ru/;8 (800) 550-86-02 +7 (495) 663-86-02 +7 (925) 588-00-46
Bon appetit;ул. Пырьева, 9, корп. 1, Москва, Россия;http://appetitshop.ru/;+7 (495) 601-96-57
Макаронная лавка;2-я Рыбинская ул., 8, стр. 1, Москва, Россия;http://dececcorussia.com/;+7 (495) 231-31-00 +7 (495) 231-29-29 +7 (963) 767-75-48
Оливия;просп. Мира, 79, Москва, Россия;http://paritetmm.ru/;+7 (495) 681-30-90
Перекрёсток;ул. Коровий Вал, к1А, Москва, Россия;http://www.perekrestok.ru/;8 (800) 200-95-55 +7 (495) 662-88-88
КуулКлевер МясновЪ Отдохни;ул. Пречистенка, 40/2с1, Москва, Россия;https://www.kegelbum.ru/?utm_source=maps.yandex;Номеров нет
Домитилла;Херсонская ул., 39, Москва, Россия;Ссылки нет;+7 (495) 331-51-22
Продукты;Летниковская ул., 18, стр. 1, Москва, Россия;Ссылки нет;Номеров нет
Линия;Судостроительная ул., 31, корп. 1, Москва, Россия;Ссылки нет;+7 (499) 616-60-75
Продукты;1-й Неопалимовский пер., 1/9, Москва, Россия;Ссылки нет;+7 (499) 252-87-46
Живая еда;Нижний Сусальный пер., 4, стр. 3, Москва, Россия;http://jivaya-eda.ru/;+7 (925) 050-66-40
Кофикс;ул. Мастеркова, 2, Москва, Россия;http://cofix.ru/;+7 (965) 232-78-35
ВкусВилл;ул. Шверника, 13А, Москва, Россия;https://vkusvill.ru/;8 (800) 550-86-02 +7 (495) 663-86-02 +7 (925) 588-00-74
Наш маркет;ул. Трофимова, 15, Москва, Россия;Ссылки нет;Номеров нет
Угощение Троице-Сергиевой лавры;Россия, Москва, улица Кржижановского;Ссылки нет;Номеров нет
Сахалинский икорный дом;Ленинский просп., 60/2, Москва, Россия;http://seafood-shop.ru/;+7 (925) 003-00-53 +7 (495) 744-39-53
Продукты;ул. Шаболовка, 50, Москва, Россия;Ссылки нет;Номеров нет
Минимаркет;Гончарная ул., 21, Москва, Россия;Ссылки нет;+7 (916) 189-05-99
ВкусВилл;ул. Трофимова, 35/20, Москва, Россия;https://vkusvill.ru/;8 (800) 550-86-02 +7 (495) 663-86-02 +7 (925) 786-18-97
Продукты из Италии Сокольники;ул. Короленко, 6А, Москва, Россия;https://supermarketitaly.ru/;+7 (495) 744-79-29
Продукты;ул. Архитектора Власова, 17, корп. 2, Москва, Россия;Ссылки нет;Номеров нет
Продукты для Вас;Севастопольский просп., 6, Москва, Россия;Ссылки нет;+7 (926) 545-18-56
Продукты;Бауманская ул., 7, стр. 5, Москва, Россия;Ссылки нет;+7 (968) 924-21-24
Продукты 24;Гончарная наб., 9/16с2, Москва, Россия;http://mosdom24.ru/;Номеров нет
Экольмаркет;2-я Квесисская ул., 25, Москва, Россия;http://www.ekolmeat.com/;Номеров нет
АВ Daily;Новинский бул., 31, Москва, Россия;https://av.ru/;8 (800) 700-34-87 +7 (495) 504-34-87 +7 (495) 223-02-00
Продукты;Спиридоньевский пер., 2/22, Москва, Россия;Ссылки нет;+7 (495) 691-60-82
Вам! Маркет;3-й Крутицкий пер., 15, Москва, Россия;Ссылки нет;+7 (965) 304-30-28 +7 (909) 966-84-54
Добрынинский;Ломоносовский просп., 19А, Москва, Россия;http://dobrynka-online.ru/;+7 (495) 789-96-16 +7 (925) 083-11-93 +7 (495) 789-96-26 +7 (909) 959-88-99
КуулКлевер МясновЪ Отдохни;Таганская ул., 26, стр. 1, Москва, Россия;http://www.myasnov.ru/;+7 (495) 424-95-15
АВ Daily;Никольская ул., 10, Москва, Россия;https://av.ru/;8 (800) 700-34-87 +7 (495) 504-34-87 +7 (495) 232-02-00
ВкусВилл;Нагорная ул., 21, корп. 1, Москва, Россия;https://vkusvill.ru/;8 (800) 550-86-02 +7 (495) 663-86-02 +7 (926) 981-22-70
Продукты;2-й Автозаводский пр., 5, Москва, Россия;Ссылки нет;Номеров нет
Лала;ул. Анатолия Живова, 5, Москва, Россия;Ссылки нет;+7 (495) 707-20-81
Дикси;Мытная ул., 52, Москва, Россия;https://dixy.ru/;8 (800) 333-02-01
Фермерская лавка Ближние Горки;ул. Покровка, 30, Москва, Россия;http://gorki-ferma.ru/;8 (800) 770-07-74 +7 (495) 969-52-05
Индийские специи на Тверской;1-я Тверская-Ямская ул., 20/1, Москва, Россия;http://www.indianspices.ru/;+7 (499) 251-86-68
Рогожские торговые ряды;ул. Рогожский Вал, 5, стр. 1-13, Москва, Россия;http://www.rogozhka.ru/;+7 (495) 678-34-70 +7 (495) 678-14-16 +7 (495) 671-41-85
Хмельная Лавка № 1;Большая Черёмушкинская ул., 11, корп. 3, Москва, Россия;Ссылки нет;+7 (499) 123-30-96
GreenGO;Большой Палашёвский пер., 1/14с1, Москва, Россия;http://www.greengo-shop.ru/;+7 (495) 792-39-35
Рублёвский;Стройковская ул., 10А, Москва, Россия;http://www.rublevskiy.ru/?utm_campaign=Ya_Maps&utm_medium=Ya_Maps&utm_source=Ya_Maps;+7 (495) 771-71-14 +7 (985) 100-38-88
ВкусВилл;Комсомольский просп., 38/16, Москва, Россия;https://vkusvill.ru/;+7 (495) 663-86-02 8 (800) 550-86-02 +7 (925) 786-01-59
АВ Daily;ул. Пречистенка, 24/1, Москва, Россия;https://av.ru/;8 (800) 700-34-87
ПровиантЪ;ул. Гиляровского, 56, Москва, Россия;Ссылки нет;+7 (925) 430-08-02
Good Beetle bar;Каширское ш., 8, корп. 1, Москва, Россия;Ссылки нет;+7 (965) 279-99-60 +7 (925) 128-85-86 +7 (903) 552-69-26
Магнолия;Чистопрудный бул., 7/2, Москва, Россия;http://mgnl.ru/;+7 (495) 921-32-34 +7 (495) 921-32-36 +7 (495) 921-32-35
Красная икра;просп. 60-летия Октября, 31/18к1, Москва, Россия;http://www.borisik.ru/;+7 (916) 732-69-82 +7 (495) 437-90-29
Фасоль;Затонная ул., 7, корп. 1, Москва, Россия;https://myfasol.ru/;8 (800) 700-10-77
Продукты;Стройковская ул., 10А, Москва, Россия;Ссылки нет;Номеров нет
Русский Пармезан;ул. Рогожский Вал, 5, стр. 1, Москва, Россия;http://www.parmezan.ru/;+7 (929) 998-98-90
Добрынинский;Нагорный бул., 7, Москва, Россия;http://dobrynka-online.ru/;+7 (495) 789-96-16 +7 (926) 229-64-40 +7 (926) 905-02-31
ВкусВилл;Большой Факельный пер., 3, стр. 2, Москва, Россия;https://vkusvill.ru/;8 (800) 550-86-02 +7 (495) 663-86-02 +7 (926) 160-62-69
Лакомка;Шоссейная ул., 29, корп. 1, Москва, Россия;http://gastronom-lakomka.ru/;+7 (495) 354-32-58 +7 (495) 354-33-81
Продукты;ул. Хамовнический Вал, 32, Москва, Россия;http://foodmarket32.business.site/;+7 (499) 246-60-70
Фреш Азия;ул. Можайский Вал, 10, Москва, Россия;http://freshasia.ru/;+7 (495) 374-84-98 +7 (910) 485-41-83
EUROSPAR;ул. Рокотова, 5, Москва, Россия;https://myspar.ru/?utm_campaign=maps-button&utm_medium=geo_advertizing&utm_source=yandex_maps;8 (800) 500-13-29
Компас ДВ;Варшавское ш., 25А, стр. 1, Москва, Россия;https://kompasdv.ru/;+7 (495) 177-98-73 +7 (903) 617-24-78
Апельсин-Халяль;ул. Госпитальный Вал, 3, корп. 1, Москва, Россия;http://apelsinmarket.ru/;+7 (495) 360-42-41 +7 (499) 787-06-30
Добрынинский;Новокузнецкая ул., 6, Москва, Россия;http://dobrynka-online.ru/;+7 (495) 789-96-16 +7 (925) 002-74-16
Мясницкий ряд;ул. Шверника, 13, корп. 1, Москва, Россия;http://www.kolbasa.ru/;+7 (495) 411-33-41 +7 (495) 981-17-19
ВкусВилл;Университетский просп., 4, Москва, Россия;https://vkusvill.ru/;8 (800) 550-86-02 +7 (495) 663-86-02 +7 (926) 394-24-72
Продуктовый магазин;просп. Андропова, 38, Москва, Россия;Ссылки нет;Номеров нет
Магнолия;Кутузовский просп., 29, Москва, Россия;http://mgnl.ru/;+7 (495) 921-32-34 +7 (495) 921-32-35 +7 (499) 249-45-77
LavkaLavka;Плотников пер., 19/38с2, Москва, Россия;https://lavkalavka.com/;+7 (968) 761-17-28 +7 (495) 724-35-32
ВкусВилл;Россия, Москва, Большая Бронная улица;https://vkusvill.ru/;8 (800) 550-86-02 +7 (495) 663-86-02 +7 (926) 655-48-87
Мастерская Вкуса;Россия, Москва, Западный административный округ, район Дорогомилово;https://mvfood.ru/;+7 (915) 307-61-94
Авоська;Новочерёмушкинская ул., 24, Москва, Россия;http://www.avoska.ru/;+7 (495) 656-70-22 +7 (495) 725-41-53 +7 (495) 725-41-54
Продукты;Новокузнецкая ул., 30, стр. 1, Москва, Россия;Ссылки нет;+7 (495) 951-43-50
Зорька и Милка;1-й Щипковский пер., 25, Москва, Россия;http://zorkamilka.ru/;+7 (495) 801-60-60
АВ Daily;Тверская ул., 5/6, Москва, Россия;https://av.ru/;8 (800) 700-34-87 +7 (495) 504-34-78 +7 (495) 223-02-00
Гастроном № 1;Красная площадь, 3, Москва, Россия;https://gum.ru/;+7 (495) 620-30-15 +7 (495) 788-43-43 +7 (495) 620-31-45
Продукты;Россия, Москва, Нагорная улица;Ссылки нет;Номеров нет
Азбука Вкуса;Ленинский просп., 34/1, Москва, Россия;https://av.ru/;8 (800) 700-34-87 +7 (495) 504-34-78
Магазин продуктов;ул. Дмитрия Ульянова, 30, Москва, Россия;Ссылки нет;Номеров нет
АВ Daily;ул. Покровка, 15, Москва, Россия;https://av.ru/;8 (800) 700-34-87 +7 (495) 504-34-78
Добрынинский;Шмитовский пр., 10/7, Москва, Россия;http://dobrynka-online.ru/;+7 (968) 665-70-26 +7 (495) 789-96-16
Добрынинский;ул. Гарибальди, 27, корп. 4, Москва, Россия;http://dobrynka-online.ru/;+7 (905) 571-11-54
Зорька и Милка;ул. Шаболовка, 24, Москва, Россия;http://zorkamilka.ru/;+7 (495) 801-60-60
Продукты;ул. Вавилова, 47, корп. 1, Москва, Россия;Ссылки нет;+7 (499) 125-10-10
Рублёвский;ул. Шверника, 13А, Москва, Россия;http://www.rublevskiy.ru/?utm_campaign=Ya_Maps&utm_medium=Ya_Maps&utm_source=Ya_Maps;+7 (495) 771-71-14
Сахалинский икорный дом;ул. Гурьянова, 30, Москва, Россия;https://seafood-shop.ru/;+7 (495) 744-39-53 +7 (925) 003-00-53
Продукты и табак 24;Большая Садовая ул., 3, стр. 1, Москва, Россия;Ссылки нет;+7 (903) 138-51-26 +7 (999) 807-48-48
ВкусВилл;Нагорная ул., 30, корп. 1, Москва, Россия;https://vkusvill.ru/;8 (800) 550-86-02 +7 (495) 663-86-02 +7 (925) 786-11-85
Азбука Вкуса;Валовая ул., 18, Москва, Россия;https://av.ru/;8 (800) 700-34-87 +7 (495) 504-34-78
Цезарь;Русаковская ул., 5, Москва, Россия;Ссылки нет;+7 (499) 264-77-83 +7 (903) 011-08-11
Гастроном-21;Одесская ул., 16, Москва, Россия;Ссылки нет;+7 (495) 318-18-54
Магазин продуктов;Россия, Москва, Южнопортовая улица;Ссылки нет;Номеров нет
ВкусВилл;ул. Дмитрия Ульянова, 24/1, Москва, Россия;https://vkusvill.ru/;8 (800) 550-86-02 +7 (495) 663-86-02 +7 (929) 965-84-06
Мясницкий ряд;ул. Вавилова, 6, Москва, Россия;http://www.kolbasa.ru/;+7 (495) 411-33-41 +7 (495) 981-17-19
ВкусВилл;Усачёва ул., 29, корп. 1, Москва, Россия;https://vkusvill.ru/;8 (800) 550-86-02 +7 (495) 663-86-02 +7 (925) 786-12-94
Добрынинский;Неглинная ул., 16/2с4, Москва, Россия;http://dobrynka-online.ru/;+7 (926) 907-44-65 +7 (495) 789-96-16
Продукты 24;ул. 1905 года, 5, Москва, Россия;Ссылки нет;+7 (966) 148-06-72
Останкино;Троилинский пер., 3, Москва, Россия;https://ompk.ru/;+7 (499) 241-24-89 +7 (499) 968-60-10
Продуктовый магазин;Нагатинская ул., 20, Москва, Россия;Ссылки нет;Номеров нет
Продукты;Усачёва ул., 38, Москва, Россия;Ссылки нет;Номеров нет
Магазин продуктов;Криворожская ул., 1, Москва, Россия;Ссылки нет;Номеров нет
ВкусВилл;Криворожская ул., 27, Москва, Россия;https://vkusvill.ru/;8 (800) 550-86-02 +7 (495) 663-86-02 +7 (977) 506-31-30
Оливис;Складочная ул., 1, стр. 1, Москва, Россия;https://olivis.ru/;+7 (495) 620-47-66 +7 (495) 652-89-55 +7 (985) 749-62-21 +7 (985) 939-01-68
Сестры Варенины;Усачёва ул., 26, Москва, Россия;Ссылки нет;+7 (903) 968-67-37
Группа Черкизово;Лесная ул., 5, стр. Б, Москва, Россия;http://cherkizovo.com/;+7 (495) 660-24-40 +7 (495) 788-32-32
КуулКлевер МясновЪ Отдохни;Кутузовский просп., 15, Москва, Россия;https://www.kegelbum.ru/?utm_source=maps.yandex;Номеров нет
EUROSPAR;Чертановская ул., 45А, Москва, Россия;https://myspar.ru/?utm_campaign=maps-button&utm_medium=geo_advertizing&utm_source=yandex_maps;8 (800) 500-13-29
ВкусВилл;Волгоградский просп., 3-5с2, Москва, Россия;https://vkusvill.ru/;8 (800) 550-86-02 +7 (495) 663-86-02 +7 (925) 776-10-73
Хорошие продукты;2-й Щемиловский пер., 2/14, Москва, Россия;Ссылки нет;+7 (499) 978-88-89 +7 (499) 978-88-86
Продукты;Херсонская ул., 20, корп. 4, Москва, Россия;Ссылки нет;+7 (925) 400-90-81
ВкусВилл;Садовая-Спасская ул., 21/1, Москва, Россия;https://vkusvill.ru/;8 (800) 550-86-02 +7 (495) 663-86-02 +7 (926) 096-94-01
ВкусВилл;ул. Гримау, 10, Москва, Россия;https://vkusvill.ru/;8 (800) 550-86-02 +7 (925) 235-93-28 +7 (495) 663-86-02
Добрынинский;Электрозаводская ул., 27, стр. 1, Москва, Россия;http://dobrynka-online.ru/;+7 (495) 789-96-16
Морошка;2-й Южнопортовый пр., 10, стр. 21, Москва, Россия;https://moroshkashop.ru/;+7 (985) 858-80-45 +7 (985) 726-50-11 +7 (495) 744-66-33
Минимаркет;Большая Черёмушкинская ул., 20, корп. 4, стр. 1, Москва, Россия;Ссылки нет;Номеров нет
Добрынинский;ул. Новинки, 1, Москва, Россия;http://dobrynka-online.ru/;+7 (495) 789-96-16 +7 (926) 351-88-42
Гастроном-21;ул. Вавилова, 60, корп. 5, Москва, Россия;Ссылки нет;+7 (499) 132-31-30
SeDelice - французская пекарня;ул. Гримау, 10, Москва, Россия;https://sedelice.ru/;+7 (968) 623-28-84
Перекрёсток;площадь Киевского Вокзала, 2, Москва, Россия;http://www.perekrestok.ru/;8 (800) 200-95-55 +7 (495) 662-88-88
Рублёвский;ул. 10-летия Октября, 13, Москва, Россия;http://www.rublevskiy.ru/?utm_campaign=Ya_Maps&utm_medium=Ya_Maps&utm_source=Ya_Maps;+7 (495) 771-71-14
Продукты;ул. Шаболовка, 23, корп. 1, Москва, Россия;Ссылки нет;Номеров нет
Ремит;Автозаводская ул., 8, Москва, Россия;https://kupiremit.ru/;+7 (495) 241-44-40 +7 (499) 400-52-52
ВкусВилл;Поварская ул., 8/1с1, Москва, Россия;https://vkusvill.ru/;8 (800) 550-86-02 +7 (495) 663-86-02 +7 (929) 687-37-71
Маркет 24;Мясницкая ул., 10, стр. 1, Москва, Россия;Ссылки нет;Номеров нет
Снежана+Д;ул. Бутлерова, 15, Москва, Россия;http://www.snezhanafood.ru/;+7 (495) 333-00-08 +7 (495) 333-05-05 +7 (495) 988-52-90 +7 (495) 125-24-05
Продукты;Южнопортовая ул., 7, стр. 9, Москва, Россия;Ссылки нет;Номеров нет
ОкМолоко;Профсоюзная ул., 11/11, Москва, Россия;http://okmilk.ru/;+7 (495) 105-10-62
ВкусВилл;ул. Рогожский Вал, 5, стр. 9, Москва, Россия;https://vkusvill.ru/;8 (800) 550-86-02 +7 (495) 663-86-02 +7 (925) 588-01-05
Продукты;ул. Талалихина, 2/1к1, Москва, Россия;Ссылки нет;Номеров нет
Минимаркет;Русаковская ул., 4, стр. 1, Москва, Россия;Ссылки нет;+7 (926) 857-58-10
Продукты;Большая Черёмушкинская ул., 30, корп. 2, Москва, Россия;Ссылки нет;Номеров нет
Белорусские продукты;Авиамоторная ул., 28/6, Москва, Россия;https://www.belprodykt.ru/;+7 (916) 111-52-33 +7 (916) 360-54-55
ВИВА Мария;Оружейный пер., 25, стр. 1, Москва, Россия;Ссылки нет;+7 (495) 517-32-11 +7 (925) 360-82-95
Авоська;3-й Сетуньский пр., 8, Москва, Россия;http://www.avoska.ru/;+7 (495) 656-70-22 +7 (495) 725-41-54
Магазин Продукты;ул. Мельникова, 16А, Москва, Россия;Ссылки нет;Номеров нет
АВ Daily;Смоленская-Сенная площадь, 27, стр. 1А, Москва, Россия;https://av.ru/shops/smolenskaya-sennaya-plowad-d-27-str-1a/;+7 (495) 504-34-78 8 (800) 700-34-87 +7 (495) 223-02-00
Рублёвский;2-й Котляковский пер., 18, Москва, Россия;https://www.rublevskiy.ru/;+7 (495) 771-71-14
Красная икра;Комсомольский просп., 27, стр. 5, Москва, Россия;http://www.borisik.ru/;+7 (495) 437-90-29 +7 (916) 753-53-87
И-мне;Селезнёвская ул., 11А, стр. 2, Москва, Россия;https://moskva.i-mne.com/;+7 (495) 374-87-30 +7 (916) 301-34-27
КуулКлевер МясновЪ Отдохни;ул. Рогожский Вал, 11, корп. 1, Москва, Россия;https://www.kegelbum.ru/?utm_source=maps.yandex;Номеров нет
Останкино;Огородный пр., 18, стр. 3, Москва, Россия;http://ompk.ru/;+7 (495) 980-53-90
ВкусВилл;ул. Красная Пресня, 21, Москва, Россия;https://vkusvill.ru/;8 (800) 550-86-02 +7 (495) 663-86-02 +7 (929) 980-03-42
ВкусВилл;Студенческая ул., 20, Москва, Россия;https://vkusvill.ru/;8 (800) 550-86-02 +7 (495) 663-86-02 +7 (929) 914-64-07
Азбука Вкуса;Ленинский просп., 54, Москва, Россия;https://av.ru/;8 (800) 700-34-87 +7 (495) 504-34-78
КуулКлевер МясновЪ Отдохни;ул. Каховка, 20, стр. 1, Москва, Россия;http://www.myasnov.ru/;+7 (495) 424-95-15 +7 (831) 461-91-91
ВкусВилл;Украинский бул., 6, Москва, Россия;https://vkusvill.ru/;8 (800) 550-86-02 +7 (495) 663-86-02 +7 (925) 786-22-36
ВкусВилл;Азовская ул., 3, Москва, Россия;https://vkusvill.ru/;8 (800) 550-86-02 +7 (495) 663-86-02 +7 (925) 786-22-15
Продукты;ул. Трофимова, 9, Москва, Россия;Ссылки нет;Номеров нет
Фруктовый голод;ул. Строителей, 4, стр. 2, Москва, Россия;https://frugolod.ru/;+7 (963) 925-24-22 +7 (901) 565-13-22 +7 (925) 777-09-67
Сыр & Масло;1-й Нагатинский пр., 11, корп. 1, Москва, Россия;http://сырмасло.рф/;+7 (965) 295-70-70
Азбука Вкуса;Комсомольский просп., 34, Москва, Россия;https://av.ru/;8 (800) 700-34-87 +7 (495) 504-34-78
Эко-ю;ул. Кедрова, 6, корп. 2, Москва, Россия;https://eco-u.shop/;+7 (495) 108-18-76
Военторг-Пятёрочка;пр. Девичьего Поля, 2, Москва, Россия;https://retail.oaovoentorg.ru/;8 (800) 100-21-91
АВ Daily;ул. Плющиха, 44/2, Москва, Россия;https://av.ru/;8 (800) 700-34-87 +7 (495) 504-34-87 +7 (495) 223-02-00
Ванада;Стремянный пер., 23/19, Москва, Россия;http://vinada.ru/;+7 (499) 236-32-69
Универсам24;Солдатская ул., 6А, Москва, Россия;Ссылки нет;+7 (495) 361-72-90 +7 (495) 707-12-78 +7 (495) 361-76-00
Гастродом;Большая Черёмушкинская ул., 2А, стр. 1, Москва, Россия;http://www.gastrohouse.ru/;+7 (903) 666-60-69
EUROSPAR;Днепропетровская ул., 4А, Москва, Россия;https://myspar.ru/?utm_campaign=maps-button&utm_medium=geo_advertizing&utm_source=yandex_maps;8 (800) 500-13-29
Продукты;Нагатинская наб., 22, корп. 2, Москва, Россия;Ссылки нет;Номеров нет
Продукты;1-й Грайвороновский пр., 2А, Москва, Россия;Ссылки нет;+7 (499) 177-01-61
Продукты;Новочерёмушкинская ул., 38, корп. 1, стр. 1, Москва, Россия;Ссылки нет;Номеров нет
ВкусВилл;Судостроительная ул., 41, Москва, Россия;https://vkusvill.ru/;8 (800) 550-86-02 +7 (495) 663-86-02 +7 (926) 032-08-59
ВкусВилл;Смоленский бул., 1/2, Москва, Россия;https://vkusvill.ru/;8 (800) 550-86-02 +7 (495) 663-86-02 +7 (925) 028-80-31
Город-Сад;пер. Сивцев Вражек, 6/2, Москва, Россия;http://www.gorod-sad.com/;+7 (495) 120-03-30 +7 (901) 352-79-60
Азбука Вкуса;Варшавское ш., 34, Москва, Россия;https://av.ru/;8 (800) 700-34-87 +7 (495) 504-34-78
ВкусВилл;Нижегородская ул., 13Б, Москва, Россия;https://vkusvill.ru/;8 (800) 550-86-02 +7 (495) 663-86-02 +7 (926) 981-02-51
ВкусВилл;Нахимовский просп., 44, Москва, Россия;https://vkusvill.ru/;8 (800) 550-86-02 +7 (495) 663-86-02 +7 (905) 512-85-10
ВкусВилл;Денисовский пер., 22, Москва, Россия;https://vkusvill.ru/;8 (800) 550-86-02 +7 (495) 663-86-02 +7 (925) 516-50-61
Гастроном;ул. Дмитрия Ульянова, 24/1, Москва, Россия;http://gastronom-24.ru/;+7 (499) 724-13-21 +7 (499) 724-14-02
Продукты;Загородное ш., 8, корп. 3, Москва, Россия;Ссылки нет;+7 (903) 751-74-45
Продукты 24 часа;Скатертный пер., 5, стр. 2, Москва, Россия;Ссылки нет;+7 (926) 466-18-17
Продукты;ул. Кедрова, 21, корп. 2, Москва, Россия;Ссылки нет;Номеров нет
ВкусВилл;ул. Петровка, 24, стр. 2, Москва, Россия;https://vkusvill.ru/;8 (800) 550-86-02 +7 (495) 663-86-02 +7 (925) 265-91-62
Айрис;ул. Стасовой, 10А, Москва, Россия;Ссылки нет;Номеров нет
ВкусВилл;Садовая-Триумфальная ул., 22/31, Москва, Россия;https://vkusvill.ru/;8 (800) 550-86-02 +7 (495) 663-86-02 +7 (926) 097-43-44
Продукты;ул. Ивана Бабушкина, 9, Москва, Россия;Ссылки нет;+7 (499) 129-14-88 +7 (499) 124-19-22
Продукты;3-й Павелецкий пр., 7, корп. 1, Москва, Россия;Ссылки нет;Номеров нет
ВкусВилл;ул. Покровка, 35/17с1, Москва, Россия;https://vkusvill.ru/;8 (800) 550-86-02 +7 (495) 663-86-02 +7 (925) 786-60-28
Армянский Уголок;ул. Рогожский Вал, 5, стр. 1, Москва, Россия;Ссылки нет;Номеров нет
Продукты;Чонгарский бул., 7/1, Москва, Россия;Ссылки нет;Номеров нет
Пятёрочка;Малая Тульская ул., 57, Москва, Россия;https://5ka.ru/;8 (800) 555-55-05
Линия;Гончарный пр., 8/40, Москва, Россия;Ссылки нет;Номеров нет
ProStore;ул. Можайский Вал, 10, Москва, Россия;https://product-store.ru/;+7 (495) 255-25-53
ВкусВилл;Садовая-Кудринская ул., 8/12, Москва, Россия;https://vkusvill.ru/;8 (800) 550-86-02 +7 (495) 663-86-02 +7 (926) 394-31-68
Магнолия;Нагатинская наб., 40/1к1, Москва, Россия;http://mgnl.ru/;+7 (495) 921-32-34 +7 (499) 617-44-00 +7 (499) 617-00-55 +7 (495) 921-32-35
ВкусВилл;Киевская ул., 20, Москва, Россия;https://vkusvill.ru/;8 (800) 550-86-02 +7 (495) 663-86-02 +7 (926) 160-65-02
Зорька и Милка;площадь Рогожская Застава, 1, Москва, Россия;http://zorkamilka.ru/;+7 (495) 801-60-60
КуулКлевер МясновЪ Отдохни;ул. Кржижановского, 14, корп. 1, Москва, Россия;https://www.kegelbum.ru/?utm_source=maps.yandex;Номеров нет
Перекрёсток;Марксистская ул., 1, корп. 1, Москва, Россия;http://www.perekrestok.ru/;8 (800) 200-95-55 +7 (495) 139-43-53
АВ Daily;Большая Садовая ул., 5, корп. 1, Москва, Россия;https://av.ru/;8 (800) 700-34-87 +7 (495) 232-02-00 +7 (495) 504-34-87
Покоторг;Угрешская ул., 26, стр. 1, Москва, Россия;http://www.pokotorg.com/;+7 (495) 649-70-69 +7 (495) 649-70-69 +7 (495) 777-81-14 +7 (495) 589-58-01 +7 (495) 363-29-40
Город-Сад;ул. Остоженка, 27, корп. 1, Москва, Россия;http://www.gorod-sad.com/;+7 (977) 941-79-28 +7 (495) 120-03-30
Магазин продуктов;Большой Козловский пер., 10, стр. 1, Москва, Россия;Ссылки нет;+7 (925) 047-17-52
Рыбторг;Трёхпрудный пер., 5, Москва, Россия;https://rybtorg.moscow/venue/rybtorgmoscow;+7 (965) 176-97-77
ВкусВилл;1-я Тверская-Ямская ул., 8, Москва, Россия;https://vkusvill.ru/;8 (800) 550-86-02 +7 (495) 663-86-02 +7 (926) 944-32-94
Billa;ул. Винокурова, 4, корп. 1, Москва, Россия;https://www.billa.ru/;8 (800) 333-75-00 +7 (495) 785-75-00 +7 (495) 785-75-00
Продукты24;Садовническая ул., 51, стр. 1, Москва, Россия;https://24-fresh-food-market.business.site/;+7 (495) 951-80-10
ВкусВилл;Малая Юшуньская ул., 3, Москва, Россия;https://vkusvill.ru/;8 (800) 550-86-02 +7 (495) 663-86-02 +7 (925) 786-23-44
Порто Миконос;Сущёвская ул., 27, стр. 1, Москва, Россия;http://portomykonos.ru/;+7 (966) 098-79-77 +7 (926) 136-75-78
Белевская пастила;площадь Киевского Вокзала, 2, Москва, Россия;Ссылки нет;Номеров нет
Продукты;Гаврикова ул., 2/38, Москва, Россия;http://russkayakorona.ru/;+7 (499) 265-71-58
Bakery;ул. Строителей, 7А, Москва, Россия;Ссылки нет;+7 (925) 081-85-85
Пятёрочка;3-й Павелецкий пр., 4, Москва, Россия;https://5ka.ru/;8 (800) 555-55-05 +7 (925) 414-24-31
Продуктовый магазин;ул. Земляной Вал, 54, стр. 1, Москва, Россия;Ссылки нет;Номеров нет
Рыбная лавка капитана Селёдкина;ул. Строителей, 7, корп. 1, Москва, Россия;http://kapitanseledkin.ru/;+7 (916) 675-14-52
ВкусВилл;ул. Кржижановского, 4, корп. 1, Москва, Россия;https://vkusvill.ru/;8 (800) 550-86-02 +7 (495) 663-86-02 +7 (926) 160-63-71
ВкусВилл;Ленинский просп., 62/1, Москва, Россия;https://vkusvill.ru/;8 (800) 550-86-02 +7 (495) 663-86-02 +7 (929) 914-63-28
ВкусВилл;ул. Щепкина, 5, стр. 2, Москва, Россия;https://vkusvill.ru/;8 (800) 550-86-02 +7 (495) 663-86-02 +7 (926) 160-52-96
Продукты;Болотниковская ул., 31, корп. 1, Москва, Россия;Ссылки нет;Номеров нет
АВ Daily;Новочерёмушкинская ул., 60, корп. 2, Москва, Россия;https://av.ru/;8 (800) 700-34-87 +7 (495) 223-02-00 +7 (495) 504-34-87
ВкусВилл;Судостроительная ул., 11, корп. 1, Москва, Россия;https://vkusvill.ru/;8 (800) 550-86-02 +7 (495) 663-86-02 +7 (925) 781-01-07
Продукты;Севастопольский просп., 9, корп. 1, Москва, Россия;Ссылки нет;Номеров нет
Магазин продуктов;Кантемировская ул., 4, корп. 3, Москва, Россия;Ссылки нет;Номеров нет
Эко-лавка;Аптекарский пер., 1, Москва, Россия;Ссылки нет;Номеров нет
ko&co;Усачёва ул., 26, Москва, Россия;https://koico.ru/;8 (800) 250-58-24
ВкусВилл;Новочерёмушкинская ул., 66, корп. 1, Москва, Россия;https://vkusvill.ru/;8 (800) 550-86-02 +7 (495) 663-86-02 +7 (925) 786-09-92
ВкусВилл;Малая Грузинская ул., 12, Москва, Россия;https://vkusvill.ru/;8 (800) 550-86-02 +7 (495) 663-86-02 +7 (925) 786-21-07
Продукты 24;Садовая-Самотёчная ул., 9, Москва, Россия;https://website--797406967236736195834-grocerystore.business.site/?m=true;+7 (965) 379-45-12
Продуктовый магазин;просп. Андропова, 13А, Москва, Россия;Ссылки нет;Номеров нет
Продуктовый магазин;просп. Андропова, 31А, Москва, Россия;Ссылки нет;Номеров нет
ВкусВилл;Оружейный пер., 5, Москва, Россия;https://vkusvill.ru/;8 (800) 550-86-02 +7 (495) 663-86-02 +7 (925) 786-41-25
Город-Сад;ул. Большая Дмитровка, 16, корп. 1, Москва, Россия;http://www.gorod-sad.com/;+7 (495) 120-03-30 +7 (977) 941-81-72
АВ Daily;ул. Строителей, 17, корп. 1, Москва, Россия;https://av.ru/;8 (800) 700-34-87 +7 (495) 504-34-87 +7 (495) 223-02-00
Триумвират;ул. Остоженка, 30, стр. 1, Москва, Россия;Ссылки нет;+7 (495) 695-11-07
ВкусВилл;Большая Спасская ул., 8, Москва, Россия;https://vkusvill.ru/;8 (800) 550-86-02 +7 (495) 663-86-02 +7 (925) 786-08-50
Biznestorg-sea;ул. Речников, 21, стр. 8, Москва, Россия;http://biznestorg-sea.ru/;+7 (499) 782-40-83
ТокиоФиш;Бережковская наб., 20, стр. 12, Москва, Россия;https://tokyofish.ru/;+7 (495) 730-50-03
ВкусВилл;ул. Покровка, 8, Москва, Россия;https://vkusvill.ru/;8 (800) 550-86-02 +7 (495) 663-86-02 +7 (925) 029-12-33
Добрынинский;Профсоюзная ул., 3, Москва, Россия;http://dobrynka-online.ru/;+7 (495) 789-96-16 +7 (925) 083-11-59
Продукты;Пролетарский просп., 6, Москва, Россия;Ссылки нет;+7 (499) 324-18-00
Керченское;Керченская ул., 1, корп. 1, Москва, Россия;Ссылки нет;+7 (495) 319-00-18
Гастроном;ул. Академика Пилюгина, 4, Москва, Россия;Ссылки нет;+7 (499) 233-64-97
Моремания;Ленинский просп., 109, Москва, Россия;http://moremania.info/;+7 (903) 682-19-26
КуулКлевер МясновЪ Отдохни;ул. Сретенка, 9, Москва, Россия;https://www.kegelbum.ru/?utm_source=maps.yandex;Номеров нет
Halal;Пятницкий пер., 2, Москва, Россия;http://halalmeats.business.site/;+7 (925) 162-98-88 +7 (903) 162-88-88
Минимаркет;Севастопольский просп., 73, Москва, Россия;Ссылки нет;+7 (499) 121-60-70
Мясницкий ряд;Профсоюзная ул., 32, корп. 1, Москва, Россия;http://www.kolbasa.ru/;+7 (495) 981-17-19 +7 (985) 306-04-64 +7 (926) 900-47-00
Продуктовый магазин;Автозаводская ул., 7, Москва, Россия;Ссылки нет;Номеров нет
Гастромаркет FerMa;Таганская ул., 25-27, Москва, Россия;Ссылки нет;+7 (965) 162-61-05
ВкусВилл;ул. Гарибальди, 23, Москва, Россия;https://vkusvill.ru/;+7 (495) 663-86-02 8 (800) 550-86-02 +7 (926) 186-78-22
Верный;1-я ул. Машиностроения, 10, Москва, Россия;http://www.verno-info.ru/;+7 (499) 755-00-70
МясновЪ;ул. Строителей, 11, корп. 1, Москва, Россия;http://www.myasnov.ru/;+7 (495) 424-95-15 +7 (831) 461-91-91
Moloko Group;Кутузовский просп., 36, стр. 11, Москва, Россия;http://molokogroup.com/;+7 (915) 449-49-81
КуулКлевер МясновЪ Отдохни;Азовская ул., 18, Москва, Россия;https://www.kegelbum.ru/?utm_source=maps.yandex;Номеров нет
ВкусВилл;Зоологическая ул., 4, Москва, Россия;https://vkusvill.ru/;8 (800) 550-86-02 +7 (495) 663-86-02 +7 (926) 160-48-43
Расинта;Варшавское ш., 122, Москва, Россия;Ссылки нет;+7 (495) 316-77-30
Магазин Продукты;ул. Довженко, 6, Москва, Россия;Ссылки нет;Номеров нет
ВкусВилл;ул. Пресненский Вал, 5, Москва, Россия;https://vkusvill.ru/;8 (800) 550-86-02 +7 (495) 663-86-02 +7 (925) 786-41-28
Продукты;3-я ул. Марьиной Рощи, 4А, Москва, Россия;Ссылки нет;+7 (916) 832-61-15
Первым делом;Брянская ул., 12, Москва, Россия;Ссылки нет;+7 (499) 240-27-81
Мясо;Саратовская ул., 3, корп. 4, Москва, Россия;Ссылки нет;+7 (985) 441-36-12 +7 (926) 209-61-67 +7 (499) 177-11-29
Красная икра;Профсоюзная ул., 19, Москва, Россия;http://www.borisik.ru/;+7 (495) 437-62-02 +7 (495) 437-90-29 +7 (985) 851-99-49
АВ Daily;Цветной бул., 25, стр. 1, Москва, Россия;https://av.ru/;8 (800) 700-34-87 +7 (495) 504-34-87 +7 (495) 232-02-00
Фермер;Красноказарменная ул., 9, Москва, Россия;Ссылки нет;+7 (495) 361-08-25
ВкусВилл;Большой Козловский пер., 11, стр. 1, Москва, Россия;https://vkusvill.ru/;8 (800) 550-86-02 +7 (495) 663-86-02 +7 (925) 265-69-00
